{"cameraMode":{"drawMode":0,"name":"Shaded","section":"Shading Mode"},"sceneLighting":true,"audioPlay":false,"sceneViewState":{"showFog":true,"showMaterialUpdate":false,"showSkybox":true,"showFlares":true,"showImageEffects":true,"showParticleSystems":true},"in2DMode":false,"pivot":{"x":1320.3092041015625,"y":876.5294189453125,"z":-8.300537109375},"rotation":{"x":-0.01530774962157011,"y":0.013466055504977703,"z":-0.00022365481709130108,"w":-0.9997921586036682},"size":2235.273681640625,"orthographic":false}