{"cameraMode":{"drawMode":0,"name":"Shaded","section":"Shading Mode"},"sceneLighting":false,"audioPlay":false,"sceneViewState":{"showFog":true,"showMaterialUpdate":false,"showSkybox":true,"showFlares":true,"showImageEffects":true,"showParticleSystems":true},"in2DMode":false,"pivot":{"x":0.00018489360809326172,"y":0.2487245798110962,"z":0.02521991729736328},"rotation":{"x":-0.05277526378631592,"y":0.01943882927298546,"z":-0.0010450059780851007,"w":-0.9984166622161865},"size":6.298934459686279,"orthographic":false}